customer_id,name,email,signup_date,region,segment
C00001,Allison Hill,qjacobson@example.org,2024-05-20,West,Regular
C00002,Noah Rhodes,ylopez@example.com,2025-12-30,East,Regular
C00003,Angie Henderson,seanbaker@example.com,2025-01-30,Midwest,Budget
C00004,Daniel Wagner,jeremy49@example.org,2024-09-30,South,Regular
C00005,Cristian Santos,karencontreras@example.org,2024-02-20,South,Regular
C00006,Connie Lawrence,lindsey69@example.org,2024-02-20,South,Budget
C00007,Abigail Shaffer,randallloretta@example.com,2024-01-18,South,Regular
C00008,Gina Moore,parmstrong@example.com,2025-08-26,South,Budget
C00009,Gabrielle Davis,christian08@example.net,2024-10-02,West,Premium
C00010,Ryan Munoz,davidtodd@example.org,2025-01-04,East,Regular
C00011,Monica Herrera,teresastokes@example.org,2024-01-07,West,Premium
C00012,Jamie Arnold,hendersonvanessa@example.com,2025-12-30,Midwest,Premium
C00013,Lisa Hensley,wendyburton@example.net,2025-06-19,Midwest,Budget
C00014,Michele Williams,luis11@example.com,2024-03-12,West,Premium
C00015,Dylan Miller,rarnold@example.net,2024-03-01,South,Regular
C00016,Brian Ramirez,astark@example.net,2024-03-01,Midwest,Regular
C00017,Holly Wood,jrodriguez@example.org,2024-04-18,West,Regular
C00018,Derek Zuniga,buckleyanna@example.org,2024-08-11,East,Budget
C00019,Lisa Jackson,mikayla56@example.com,2024-06-18,Midwest,Premium
C00020,Carla Gray,kpena@example.net,2024-04-13,West,Regular
C00021,Margaret Hawkins DDS,rjohnson@example.com,2024-10-10,South,Budget
C00022,Patty Perez,christinebecker@example.com,2024-02-15,West,Regular
C00023,Ethan Adams,fosternatasha@example.net,2024-04-13,Midwest,Budget
C00024,Tommy Walter,brandonalvarez@example.com,2024-05-16,Midwest,Premium
C00025,Matthew Foster,andrew44@example.com,2024-07-01,Midwest,Regular
C00026,Judy Baker,rgarrison@example.org,2025-04-06,East,Regular
C00027,Justin Baker,dennismccann@example.com,2024-03-07,Midwest,Regular
C00028,Stephanie Ross,joseph69@example.net,2024-08-04,South,Budget
C00029,Zachary Hicks,lopezjason@example.com,2024-09-26,West,Regular
C00030,Anthony Rodriguez,xmalone@example.org,2024-01-15,South,Regular
C00031,Rebecca Henderson,cameronmckinney@example.com,2024-10-07,West,Premium
C00032,James Ferrell,kimberlywarren@example.net,2024-02-26,East,Regular
C00033,Tricia Valencia,thompsonnancy@example.org,2024-01-21,West,Regular
C00034,Nathan Maldonado,wrightstephen@example.com,2025-12-30,West,Budget
C00035,Debra Davidson,joshuacolon@example.net,2025-12-30,West,Regular
C00036,Jeffrey Chavez,hreid@example.net,2025-05-10,South,Regular
C00037,Sherri Baker,allentracy@example.com,2024-04-18,West,Premium
C00038,Cassandra Gaines,susanwells@example.net,2024-01-31,South,Premium
C00039,Elizabeth Fowler,max41@example.com,2024-12-11,West,Regular
C00040,Brittany Farmer,hughesfrank@example.net,2024-06-23,West,Regular
C00041,Paula Moreno,mercedesholland@example.net,2024-02-09,East,Budget
C00042,Fred Smith,josephortiz@example.org,2024-07-24,South,Regular
C00043,Sherry Decker,wellsdavid@example.org,2024-01-11,West,Regular
C00044,Anthony Humphrey,walkercharlene@example.com,2025-12-21,East,Premium
C00045,Angelica Tucker,rodney65@example.com,2024-03-30,Midwest,Budget
C00046,Philip Cannon,jeffery48@example.net,2024-11-21,East,Regular
C00047,John Pierce,asilva@example.net,2024-04-22,West,Premium
C00048,Shane Henderson,anna99@example.com,2024-08-08,West,Regular
C00049,Joshua Blair,gabrielle71@example.com,2024-08-25,Midwest,Regular
C00050,Eric Carney,danielle44@example.net,2024-03-02,West,Premium
C00051,Jessica Holmes,jacob83@example.org,2025-12-30,Midwest,Regular
C00052,Danny Morgan,rguerrero@example.org,2025-03-23,East,Regular
C00053,Crystal Robinson,rioswhitney@example.com,2025-12-30,Midwest,Premium
C00054,Mark Perez,vsullivan@example.org,2025-11-06,South,Budget
C00055,Shannon Jones,matthewreeves@example.net,2024-09-30,Midwest,Budget
C00056,Michael Lewis,qknox@example.com,2025-12-30,East,Regular
C00057,Timothy Duncan,megan82@example.com,2024-01-28,South,Regular
C00058,Richard Aguirre,ruizjoyce@example.net,2024-03-06,East,Regular
C00059,Brent Jordan,staceylam@example.net,2024-01-14,East,Regular
C00060,John Daniel,walkerjeffrey@example.com,2024-04-28,East,Regular
C00061,Victoria Garcia,vfrench@example.com,2024-05-27,Midwest,Premium
C00062,Gerald Hensley,brenda71@example.com,2024-04-04,Midwest,Regular
C00063,Connor West,delacruzbrandy@example.net,2025-06-13,South,Budget
C00064,Donald Wright,kennedyjames@example.org,2024-05-12,East,Regular
C00065,Jessica Callahan,amoreno@example.org,2024-04-08,East,Premium
C00066,Amber Kidd,derrickgonzalez@example.com,2024-08-22,South,Budget
C00067,Tracy House,tthomas@example.org,2024-02-15,West,Regular
C00068,Carol Tucker,freemancrystal@example.org,2025-05-01,West,Regular
C00069,James Brown,cynthia07@example.com,2024-01-24,East,Premium
C00070,William Baker,kathleenjackson@example.org,2025-12-30,West,Regular
C00071,Jordan Henderson,xglover@example.org,2025-03-19,West,Budget
C00072,Whitney Peters,christinaschultz@example.com,2024-03-07,West,Regular
C00073,Brittney Phillips,ysanford@example.org,2024-01-02,West,Regular
C00074,Lauren Daniels,fergusonjessica@example.org,2025-05-21,West,Budget
C00075,Amy Silva,katherine83@example.org,2025-01-03,Midwest,Budget
C00076,Sarah Moore,simsjohn@example.net,2025-01-26,East,Budget
C00077,Angela Lopez,larry16@example.net,2025-03-18,East,Regular
C00078,Megan Young,gary04@example.com,2024-01-24,South,Regular
C00079,Steve Sanchez,mluna@example.net,2024-05-13,West,Budget
C00080,Lisa Barnes,ryan25@example.com,2024-02-06,Midwest,Budget
C00081,Kelly Donovan,karen26@example.org,2025-08-19,South,Premium
C00082,Mike Allen,jeffreymercer@example.org,2024-10-19,West,Premium
C00083,Michael Evans,lawrencegary@example.com,2024-04-30,East,Regular
C00084,Paul Jones,brooksdanielle@example.net,2024-01-20,Midwest,Budget
C00085,Zachary Ferrell,wheelerbrandon@example.org,2024-04-21,Midwest,Regular
C00086,Daniel Baker,williamsdarrell@example.com,2024-04-27,East,Regular
C00087,Shirley Suarez,qmartinez@example.com,2025-01-27,East,Premium
C00088,Christopher Bass,jamiejennings@example.org,2024-10-31,West,Regular
C00089,Lisa Archer,robert18@example.com,2025-10-16,Midwest,Budget
C00090,Aimee Montoya,robertroach@example.net,2024-07-10,West,Regular
C00091,Matthew Mcmillan,campbellkristen@example.com,2024-02-08,Midwest,Budget
C00092,Brian Rodriguez,chelseastrickland@example.net,2025-01-09,East,Budget
C00093,Denise Jacobs,michaelortiz@example.org,2025-03-05,East,Regular
C00094,Christina Walters,kelleyrenee@example.net,2024-09-04,East,Regular
C00095,John Whitehead,arivera@example.org,2025-03-18,West,Regular
C00096,Anna Henderson,meadowsmary@example.net,2024-07-23,West,Budget
C00097,Aaron Wise,fhernandez@example.net,2024-08-09,West,Regular
C00098,Deborah Figueroa,cummingscraig@example.com,2024-06-16,West,Regular
C00099,Jessica Smith,stephenmadden@example.com,2024-01-08,South,Budget
C00100,Stephen Mckee,lwilliams@example.org,2024-02-04,East,Regular
C00101,Sandra Aguilar,michael56@example.net,2024-01-10,West,Budget
C00102,Cameron Parker,daviskatherine@example.org,2024-10-30,Midwest,Regular
C00103,Rebecca Valencia,christianelizabeth@example.org,2024-04-23,Midwest,Premium
C00104,Christine Wright,michael79@example.com,2024-08-01,Midwest,Regular
C00105,Richard Henson,watsonmatthew@example.org,2025-12-15,Midwest,Budget
C00106,Marc Moore,dross@example.com,2024-03-27,West,Regular
C00107,Sharon Cherry,evaughn@example.com,2024-06-07,East,Budget
C00108,Sierra Johnson,danielhorton@example.org,2025-02-26,South,Budget
C00109,Evelyn Galvan,dalepruitt@example.com,2024-03-18,South,Regular
C00110,Sharon Cochran,ywhite@example.com,2024-01-25,West,Budget
C00111,Richard Rodriguez,huffmannichole@example.net,2024-04-12,South,Premium
C00112,Shannon Walker,timothyfreeman@example.com,2024-02-22,West,Regular
C00113,Julia Torres,qwilliams@example.net,2025-12-30,West,Premium
C00114,Crystal Johnson,alexander89@example.net,2025-05-10,East,Budget
C00115,Garrett Lin,tiffanysantiago@example.com,2024-10-28,East,Regular
C00116,Diana May,reynoldsjessica@example.com,2025-09-07,East,Premium
C00117,William Herrera,elizabeth62@example.net,2025-05-03,West,Regular
C00118,Ashley Waller,smithsarah@example.net,2024-03-02,Midwest,Regular
C00119,Victor Baker,kchristian@example.org,2025-10-31,West,Premium
C00120,Jeffrey Chandler,vflores@example.com,2024-08-20,West,Budget
C00121,Larry Dixon,hunterandrea@example.com,2025-05-09,Midwest,Budget
C00122,Kenneth Scott,fmontoya@example.com,2025-11-10,Midwest,Regular
C00123,April Frost,csolis@example.org,2024-04-24,Midwest,Budget
C00124,Michelle Harmon,hwest@example.com,2024-02-04,South,Regular
C00125,Helen Jones,garciarobert@example.net,2024-03-18,South,Budget
C00126,Erin Edwards,petersenlatoya@example.net,2024-06-16,East,Regular
C00127,Michelle Evans,pamela83@example.net,2025-05-26,West,Regular
C00128,Jason Powell,xclements@example.org,2025-08-14,East,Premium
C00129,Cameron Fisher,meganrivera@example.net,2024-01-03,East,Budget
C00130,Megan Orr,xmoran@example.net,2024-08-02,West,Regular
C00131,Elizabeth Kelley,wwilson@example.net,2024-06-11,South,Premium
C00132,Dustin Jordan,aaronkelly@example.net,2024-03-16,East,Premium
C00133,Mary Marshall,amy51@example.org,2024-02-08,West,Regular
C00134,Daniel Kennedy,travisunderwood@example.net,2024-05-03,West,Regular
C00135,Rebecca Jackson,nrodriguez@example.org,2025-12-30,South,Regular
C00136,Jose Schultz,davidphelps@example.org,2024-04-27,West,Budget
C00137,Robert Potter,msummers@example.net,2024-08-07,Midwest,Premium
C00138,Courtney Gonzalez,daniel60@example.net,2024-12-30,East,Regular
C00139,David Alvarez,bartonshannon@example.net,2024-05-15,East,Premium
C00140,Angel Perry,tamarasmith@example.net,2025-12-30,East,Budget
C00141,Cheyenne Horton,tranryan@example.net,2025-12-30,South,Budget
C00142,David Douglas Jr.,xglass@example.org,2024-03-28,West,Regular
C00143,Patricia Rodriguez,jessicaanderson@example.com,2024-07-25,South,Regular
C00144,Christopher Rubio,william66@example.net,2024-04-17,East,Regular
C00145,Amber Wright,joshuastuart@example.com,2024-04-10,West,Regular
C00146,Joyce Solis,iballard@example.com,2024-01-12,Midwest,Budget
C00147,Victoria Larson,megan85@example.net,2024-10-09,South,Regular
C00148,Stephanie Salazar,jamesweber@example.com,2024-07-28,South,Regular
C00149,Kathy Rivas,samantha22@example.net,2024-01-16,Midwest,Regular
C00150,Stephanie Manning,jennifer58@example.com,2024-04-07,Midwest,Budget
C00151,David Wright,icraig@example.com,2025-12-17,South,Regular
C00152,Pamela Boyd,hstokes@example.org,2024-03-23,South,Premium
C00153,Denise Jones,jamesbrian@example.org,2024-02-16,South,Regular
C00154,Devon Flores,josephfloyd@example.com,2024-07-20,South,Budget
C00155,Brenda Hall,dwayne04@example.org,2025-12-30,East,Premium
C00156,Michelle Brown,howardshaun@example.net,2024-03-24,South,Regular
C00157,Joshua Perry,juliahoffman@example.org,2024-11-30,West,Premium
C00158,Jason Stein,heather06@example.com,2025-03-06,Midwest,Regular
C00159,Melissa Gates,rfrye@example.com,2024-03-22,Midwest,Regular
C00160,Jamie Smith,smithjohn@example.net,2025-01-25,West,Regular
C00161,Paul Castaneda,ogreer@example.net,2024-05-17,South,Regular
C00162,Jennifer Adkins,kari89@example.org,2024-10-27,West,Regular
C00163,Lindsey Walker,kellythompson@example.net,2024-10-28,West,Regular
C00164,Jeffrey Johnson,lopezglenn@example.net,2024-08-18,South,Budget
C00165,Michael Powell,bennettroy@example.net,2024-01-29,West,Regular
C00166,John Anderson,david94@example.org,2025-06-25,South,Budget
C00167,Alyssa Long,steven20@example.org,2024-04-26,South,Regular
C00168,Alyssa Day,candice94@example.com,2024-03-02,East,Premium
C00169,Joel Williams,charles58@example.org,2024-01-13,West,Regular
C00170,Daniel Murphy,abigailhartman@example.org,2024-09-25,West,Regular
C00171,Jamie Walton,zdaniels@example.org,2024-12-05,East,Regular
C00172,Darlene Miller,jeffrey35@example.com,2024-01-06,Midwest,Premium
C00173,Joshua Cooke,kelly98@example.com,2024-08-03,East,Premium
C00174,Matthew Harrington,wilsonmichael@example.org,2024-03-18,West,Budget
C00175,Nicole Herring,susanfleming@example.com,2024-11-06,East,Regular
C00176,Alex Hernandez,hmoon@example.com,2024-02-27,East,Budget
C00177,Michael Elliott,amber40@example.net,2024-12-18,South,Regular
C00178,Michael Wang,willie87@example.com,2024-05-26,West,Regular
C00179,Lawrence Adkins,phillipsdenise@example.com,2025-12-30,South,Regular
C00180,Robert Oconnell,vaughangary@example.net,2024-02-14,East,Regular
C00181,Alexander Collins,simsjason@example.net,2024-05-05,Midwest,Regular
C00182,Tina Sanders,michellecoleman@example.org,2024-02-06,West,Regular
C00183,Angela Vaughn,amandapark@example.net,2025-12-30,East,Premium
C00184,Ashley Barton,elucas@example.net,2025-09-21,Midwest,Regular
C00185,Lindsay Martinez,andrewlove@example.org,2024-03-30,West,Regular
C00186,Dr. Hannah Patterson,jonesgregory@example.com,2024-11-19,Midwest,Budget
C00187,Jonathan Peterson,andrewsjeremy@example.com,2025-05-24,South,Budget
C00188,Samantha Garcia,ohughes@example.com,2024-08-31,West,Budget
C00189,Madison Poole,ystewart@example.net,2024-08-14,West,Budget
C00190,Jessica Gross,nicholsdarlene@example.net,2024-03-24,South,Regular
C00191,Debra Morton,avilabrenda@example.net,2024-01-30,West,Regular
C00192,Karen Graham,howardwesley@example.com,2025-11-13,East,Budget
C00193,Debra Christian,catherine47@example.com,2025-11-23,West,Regular
C00194,Angelica Keith,bshort@example.com,2024-10-27,East,Regular
C00195,John Bishop,amandataylor@example.com,2024-05-04,West,Premium
C00196,Allen Rosales,susan24@example.net,2024-05-08,Midwest,Regular
C00197,Daniel Salinas,susan08@example.net,2025-01-23,Midwest,Regular
C00198,Spencer Haynes,davidsmith@example.net,2025-11-13,Midwest,Budget
C00199,Adam Vaughan,fmedina@example.com,2025-10-16,South,Regular
C00200,Nathan Freeman,kaitlinberger@example.com,2025-03-30,West,Regular
C00201,Melissa Brewer,robertbrewer@example.net,2024-11-04,South,Budget
C00202,Ricky Davis II,eugenewalker@example.com,2024-01-27,West,Premium
C00203,Elizabeth Perkins,dannylambert@example.net,2024-02-22,West,Regular
C00204,Joseph Coleman,yorksarah@example.net,2025-11-17,West,Premium
C00205,Erin Warner,enewman@example.com,2024-10-06,East,Regular
C00206,David Martinez,kingjames@example.net,2024-01-03,South,Budget
C00207,Bryan Herrera,wlynn@example.org,2024-02-02,South,Regular
C00208,Cathy Robinson,craigharvey@example.org,2024-11-22,East,Budget
C00209,Dr. William Warren,todd59@example.net,2024-01-02,West,Regular
C00210,Brian Lee,heather29@example.net,2024-02-22,Midwest,Budget
C00211,Christopher Smith,lindsey62@example.org,2024-08-26,East,Budget
C00212,Denise Mccann,john36@example.com,2024-12-19,East,Budget
C00213,Melissa Martinez,dennis57@example.com,2024-11-12,West,Premium
C00214,Katherine Salas,thoward@example.com,2024-03-17,South,Budget
C00215,Julie Alexander,thompsoncatherine@example.com,2025-01-08,South,Regular
C00216,Anthony Everett,patriciagonzalez@example.net,2024-03-22,West,Regular
C00217,Rodney Morales,lunapatricia@example.net,2024-04-28,West,Budget
C00218,Mark Brown,hessbeth@example.net,2025-02-15,South,Regular
C00219,Justin Torres,rebeccaarnold@example.net,2024-11-10,South,Budget
C00220,Bailey Duran DDS,jvaldez@example.com,2025-07-21,West,Premium
C00221,Courtney Mills,xwalker@example.net,2024-11-17,Midwest,Regular
C00222,Jeremy Dalton,dennis88@example.org,2024-09-09,West,Regular
C00223,Elizabeth Oliver DDS,acox@example.net,2024-01-30,East,Premium
C00224,Theresa Clark,melaniedrake@example.net,2024-05-17,Midwest,Regular
C00225,Matthew Moore,katherinetaylor@example.org,2024-04-02,East,Premium
C00226,Benjamin Smith,ashleyknight@example.org,2024-03-24,East,Regular
C00227,Kirk Carter,ccrosby@example.org,2025-12-30,East,Regular
C00228,Michael Warner,qhall@example.com,2024-05-29,West,Regular
C00229,Michael Bradshaw,bradclark@example.com,2025-10-29,Midwest,Regular
C00230,Lori Guerrero,dharrison@example.org,2024-10-26,East,Regular
C00231,Jessica Stephens,hoopermario@example.net,2025-04-20,Midwest,Regular
C00232,Susan Serrano,mary49@example.net,2024-07-28,West,Premium
C00233,Christopher Parker,nicholasgray@example.net,2024-09-15,West,Budget
C00234,Laura Roberts,blacknicholas@example.org,2024-07-22,West,Budget
C00235,Michael Lyons,wgomez@example.com,2024-03-06,South,Regular
C00236,Kathryn Snyder,aeaton@example.net,2025-01-19,East,Regular
C00237,Andrew Reynolds,scotthall@example.net,2024-04-08,Midwest,Budget
C00238,David Davis,jason22@example.com,2024-01-08,East,Premium
C00239,Sara Johnston,guerrerorobert@example.com,2024-11-07,Midwest,Premium
C00240,Yvonne Chambers,olsontimothy@example.org,2024-02-28,West,Regular
C00241,Andrew Avila,deborahjenkins@example.org,2025-12-30,Midwest,Budget
C00242,Matthew Moon,andersonbrittany@example.org,2025-12-30,South,Premium
C00243,Kevin Walters,macdonalddylan@example.org,2025-12-30,South,Regular
C00244,Brandon Bailey MD,sandra86@example.net,2024-05-18,South,Budget
C00245,Shannon Rivera,johnsjessica@example.com,2024-01-05,South,Budget
C00246,Donna Landry,robinsoncatherine@example.com,2025-12-30,East,Regular
C00247,Krista Gibson,ajackson@example.net,2024-06-16,West,Premium
C00248,Frank Cordova,laurahoover@example.org,2025-12-30,West,Budget
C00249,Jose Travis,gary57@example.net,2025-12-30,Midwest,Regular
C00250,Kimberly Gutierrez,hallpaul@example.org,2025-07-29,East,Premium
C00251,Isaiah Avila,harrismichele@example.net,2024-04-14,South,Premium
C00252,Olivia Harris,mserrano@example.org,2024-05-25,East,Budget
C00253,Tanya Kim,thomasmendez@example.org,2025-07-25,West,Regular
C00254,Barbara Dudley,davisdonna@example.net,2024-04-24,West,Budget
C00255,Cynthia Moore,princekimberly@example.net,2024-02-25,South,Budget
C00256,Kristen Davis,xboyd@example.org,2024-09-01,East,Regular
C00257,Susan Murray MD,zperez@example.com,2025-12-30,West,Regular
C00258,Kathleen Moran,zbell@example.net,2024-12-23,East,Regular
C00259,Denise Davenport,colemanjonathan@example.org,2024-09-10,West,Regular
C00260,Mrs. Kristen Reyes,campbellnancy@example.com,2024-01-31,East,Regular
C00261,Katie Suarez,jacob09@example.net,2024-10-13,West,Budget
C00262,Desiree Tyler,meyernicholas@example.org,2025-12-30,South,Regular
C00263,Timothy Romero,robert12@example.com,2024-02-15,West,Budget
C00264,Diane Evans,jose86@example.net,2024-08-07,East,Regular
C00265,Yvonne Burns,cheryl63@example.com,2025-09-21,West,Regular
C00266,Joshua Reed,jwhite@example.net,2025-02-09,West,Regular
C00267,Kimberly Gibson,tking@example.net,2024-12-24,East,Regular
C00268,Colin Terry,kim62@example.net,2024-12-29,East,Regular
C00269,Cynthia Rowe,adkinssean@example.net,2024-05-13,East,Regular
C00270,Patrick Thornton,craigromero@example.com,2024-04-14,West,Regular
C00271,Jasmin Alvarado,martintamara@example.org,2025-05-12,South,Premium
C00272,Veronica Simpson,morrowthomas@example.net,2025-05-13,Midwest,Regular
C00273,Jonathan Lawrence,qdavis@example.org,2025-08-28,South,Regular
C00274,Shelly Alexander,christopher06@example.com,2025-12-30,West,Regular
C00275,Joyce Bowen,jennifer90@example.org,2024-08-02,East,Budget
C00276,Matthew Moore,mgonzales@example.net,2024-07-27,West,Regular
C00277,Wayne Morgan,james98@example.net,2025-04-25,West,Regular
C00278,Marie Christian,christinacraig@example.com,2024-11-10,Midwest,Regular
C00279,Shannon James,dianacantrell@example.org,2024-12-29,West,Regular
C00280,Nathan Malone,kimberly56@example.com,2025-04-21,East,Premium
C00281,Amanda Jones,aprilmclaughlin@example.org,2025-10-24,East,Regular
C00282,Tammie Bright,dunnjessica@example.net,2024-05-03,South,Regular
C00283,Jessica Garcia,michael43@example.net,2024-05-21,East,Regular
C00284,Shelia Wallace,shawnpowell@example.org,2024-01-30,West,Premium
C00285,Stephanie Williams,gregory81@example.net,2024-09-16,West,Premium
C00286,Elaine Brooks,gordonmatthew@example.org,2024-01-11,East,Regular
C00287,Joseph Knight,nancy94@example.net,2024-07-06,West,Budget
C00288,Carolyn Miller,kchurch@example.com,2024-08-22,East,Regular
C00289,Lisa Allen,katherineali@example.com,2024-04-11,West,Regular
C00290,Briana Murray,bmosley@example.com,2024-09-25,West,Premium
C00291,David Smith,scottpatrick@example.org,2024-01-10,East,Regular
C00292,Stephanie Byrd,laurengutierrez@example.com,2024-01-12,West,Regular
C00293,Jeremy Reed,haynesjose@example.com,2025-06-02,East,Regular
C00294,Margaret Coleman,rosskaitlyn@example.com,2024-05-13,South,Regular
C00295,Ryan Gonzalez,spencergregory@example.com,2024-02-10,South,Premium
C00296,John Young,jeffery94@example.org,2024-08-09,West,Premium
C00297,Laura Haney,victorgonzalez@example.net,2025-03-16,West,Regular
C00298,William Barrett,moniqueclark@example.org,2024-03-13,West,Premium
C00299,Keith Jennings,marykelly@example.org,2024-10-19,East,Premium
C00300,Amber Obrien,moraemma@example.net,2024-01-27,South,Regular
C00301,Tanner Mitchell DDS,waustin@example.net,2024-01-16,West,Budget
C00302,Heather Fields,charlesnathan@example.com,2024-08-15,Midwest,Regular
C00303,Megan Le,kvillanueva@example.com,2024-08-21,West,Regular
C00304,Sara Fuller,wwhite@example.net,2024-10-31,East,Regular
C00305,Maria Parker,raymond92@example.org,2025-01-23,South,Budget
C00306,Kevin Oconnor,imendoza@example.org,2025-12-30,Midwest,Regular
C00307,Edward Burgess,phillip27@example.org,2024-08-05,South,Premium
C00308,Carlos Ryan,astewart@example.org,2024-04-27,South,Regular
C00309,Kiara Mcintyre,nicolasgarcia@example.com,2025-04-20,West,Premium
C00310,Dawn Summers,jacob43@example.com,2024-04-04,South,Regular
C00311,Dr. Paul Morgan,vmullen@example.com,2024-06-22,West,Regular
C00312,Victor Taylor,victorclark@example.net,2024-01-25,Midwest,Budget
C00313,Shannon Ramsey,michael64@example.com,2024-01-08,East,Regular
C00314,Tracy Ballard,ashleykrause@example.net,2025-12-30,South,Regular
C00315,Richard Smith,lisale@example.org,2025-06-26,East,Budget
C00316,Jordan Chambers,mchase@example.org,2024-12-23,East,Premium
C00317,Lauren Carson,thomassmith@example.com,2024-06-06,East,Regular
C00318,Ashley Hall,otaylor@example.net,2024-02-27,South,Regular
C00319,Stephen Hoffman,kristen44@example.net,2024-02-21,West,Regular
C00320,Connie Brown,rosshannah@example.org,2024-03-27,West,Regular
C00321,Susan Turner,lisawoods@example.net,2024-08-27,West,Budget
C00322,Charles Shah,colematthew@example.com,2025-01-11,West,Regular
C00323,Johnathan Davis,ann45@example.org,2024-11-19,Midwest,Regular
C00324,Brandy Chavez,rmartinez@example.net,2024-04-08,West,Regular
C00325,Natalie Bautista,barbarasantos@example.net,2025-12-30,Midwest,Budget
C00326,Patrick Moore,tiffanymitchell@example.com,2025-02-05,West,Budget
C00327,Brett Burns,champton@example.org,2024-08-30,West,Budget
C00328,Trevor Johnson,daustin@example.net,2024-10-10,South,Premium
C00329,Jeremy Sampson,mirandadavidson@example.com,2024-06-12,South,Regular
C00330,Ariana Jennings,kwelch@example.com,2024-03-26,East,Premium
C00331,Vanessa Howard,millermatthew@example.com,2024-05-12,East,Regular
C00332,Colton Martinez,denise49@example.net,2025-03-01,South,Premium
C00333,Jordan Bates,cnelson@example.com,2024-01-05,West,Regular
C00334,Linda Smith,lgutierrez@example.org,2024-02-07,Midwest,Regular
C00335,Dana Martinez,jessicastanley@example.net,2024-01-15,Midwest,Premium
C00336,Andrea Hubbard,clarkrandy@example.org,2024-01-13,South,Regular
C00337,Daniel Kane,zunigathomas@example.org,2025-08-03,West,Regular
C00338,Charles Lester,wisealexandria@example.org,2024-12-30,South,Regular
C00339,Scott Thomas,bakereric@example.net,2024-07-11,West,Premium
C00340,David Thompson,pparker@example.net,2024-01-31,West,Regular
C00341,Allison Smith,scott22@example.net,2024-07-21,West,Budget
C00342,Cynthia Morris,anthonyalvarado@example.com,2024-07-11,East,Premium
C00343,Anthony Harmon,imcdonald@example.com,2024-02-27,Midwest,Premium
C00344,Nichole Alvarez,staylor@example.net,2024-06-19,South,Regular
C00345,Kayla Rodriguez,brittanybryant@example.net,2024-06-01,South,Budget
C00346,Theresa Williams,omills@example.net,2024-10-14,East,Regular
C00347,Sharon Boyd,regina78@example.org,2024-10-29,West,Regular
C00348,Victor Brown,ramosmichael@example.com,2024-01-14,East,Regular
C00349,James Parks,kevinsmith@example.org,2024-05-20,Midwest,Regular
C00350,Theodore Jones Jr.,justin80@example.net,2024-10-21,West,Premium
C00351,Ana Hill,earroyo@example.com,2024-07-28,Midwest,Regular
C00352,Kimberly Nguyen,cannonlauren@example.net,2025-08-05,East,Budget
C00353,Kerry Chavez DDS,laurakelley@example.org,2024-11-18,East,Regular
C00354,Michael Farrell,bkhan@example.com,2024-02-23,South,Budget
C00355,Patricia Le,frankmclaughlin@example.com,2024-01-22,East,Regular
C00356,Jesse Perez,fwalker@example.com,2024-11-04,Midwest,Premium
C00357,Jesse Perry,zacharymarsh@example.net,2024-01-09,Midwest,Budget
C00358,Jeffery Ortega,justin84@example.com,2024-09-21,East,Premium
C00359,Christian Leblanc,melissawhite@example.com,2025-12-30,West,Regular
C00360,Ronald Davis,walshchristine@example.com,2024-09-14,East,Premium
C00361,Parker Cain,blopez@example.org,2024-05-27,Midwest,Premium
C00362,Laurie Hoffman,bookerandrew@example.org,2024-11-05,West,Regular
C00363,Bryan Gomez,joseph70@example.org,2024-07-02,East,Regular
C00364,Nicole Parrish,hernandeztristan@example.com,2024-08-24,East,Regular
C00365,Tracy Burke,zcollins@example.com,2025-12-30,South,Regular
C00366,Kenneth Lewis,steven05@example.org,2024-05-26,West,Premium
C00367,Courtney Rodriguez,brianrowe@example.org,2025-12-30,South,Premium
C00368,Holly Farmer,qwhite@example.com,2025-12-08,Midwest,Regular
C00369,Renee Bruce,martinezkayla@example.org,2024-03-06,West,Regular
C00370,Sabrina Austin,cwise@example.org,2024-01-22,West,Regular
C00371,Allison Hickman,gonzalezjill@example.org,2024-02-01,Midwest,Regular
C00372,Debra White,thomasmaldonado@example.com,2024-01-06,West,Budget
C00373,Ellen Morgan,eric08@example.net,2024-01-30,Midwest,Regular
C00374,Sergio Knight,kingdanielle@example.org,2024-12-10,East,Regular
C00375,Charles Schultz,paige31@example.org,2024-01-23,West,Regular
C00376,Paul Lewis,knguyen@example.com,2024-04-25,Midwest,Regular
C00377,Glen Wood,fosterjohn@example.org,2025-07-13,East,Regular
C00378,Paula Bradley,jbarker@example.com,2024-01-08,East,Budget
C00379,Anthony Moore,wrightvincent@example.net,2025-05-20,East,Regular
C00380,Megan Nelson,sarah00@example.com,2024-04-09,East,Budget
C00381,Karla Ramos,jacquelinemoody@example.org,2024-02-07,West,Budget
C00382,Paul Wilson,jhall@example.net,2024-12-23,East,Budget
C00383,Douglas Gregory,linda73@example.org,2024-10-24,Midwest,Budget
C00384,Mr. Andrew Foster,ihoward@example.com,2025-09-21,West,Regular
C00385,Aimee Turner,washingtonsamuel@example.com,2025-02-02,South,Regular
C00386,Chad Scott,llopez@example.net,2025-05-03,West,Regular
C00387,Adam Burgess,mario74@example.net,2024-04-09,South,Regular
C00388,James Padilla,caseymoore@example.com,2024-02-28,West,Regular
C00389,Sandra Drake,amber70@example.net,2025-02-20,Midwest,Regular
C00390,Scott Williams,bgross@example.net,2025-05-08,East,Regular
C00391,Thomas Atkins,kimberly35@example.net,2025-12-30,West,Regular
C00392,Laura Mckinney,barrettamber@example.com,2024-06-08,West,Premium
C00393,Brian Smith,alexandriajimenez@example.net,2024-05-19,West,Regular
C00394,Robert Montgomery,chloemorris@example.net,2025-03-25,East,Premium
C00395,Tamara Davis,daniel81@example.org,2024-05-05,West,Budget
C00396,Dana Chapman,gregoryjohnson@example.org,2025-12-30,South,Regular
C00397,Jennifer Collins,clee@example.net,2025-08-09,East,Premium
C00398,Gary Jackson,hbarrett@example.net,2024-06-17,West,Premium
C00399,Ashley Hicks,brandon39@example.net,2025-02-20,East,Regular
C00400,Hannah Luna,smithsamantha@example.net,2025-02-25,South,Regular
C00401,Robin Young,fhebert@example.com,2024-02-02,West,Regular
C00402,Craig Morrison,wardjulia@example.com,2025-11-29,West,Premium
C00403,Mary Thompson,laura09@example.com,2024-07-30,West,Regular
C00404,Kathleen Webster,navarromary@example.org,2025-06-09,South,Regular
C00405,Joann Glass,susandavis@example.net,2024-04-25,South,Regular
C00406,Madison Weber,amandalopez@example.net,2025-11-08,East,Regular
C00407,Lori Hernandez,ashleymeza@example.net,2024-05-27,South,Regular
C00408,Jeremy Turner,xreese@example.net,2024-01-04,South,Regular
C00409,Anthony Romero,emily61@example.org,2025-12-08,East,Budget
C00410,Jesse Brown,andreawagner@example.net,2024-01-29,Midwest,Regular
C00411,Angela Lin,amandagreene@example.com,2024-04-25,West,Regular
C00412,Lisa Hunter,andrea55@example.com,2025-12-30,West,Premium
C00413,Julian Conner,umckenzie@example.net,2025-12-30,West,Regular
C00414,Joanna Pacheco,annalewis@example.net,2024-09-12,West,Premium
C00415,Erica Alvarez,michael77@example.com,2024-10-26,East,Regular
C00416,Antonio Garcia,barbertonya@example.net,2024-06-27,Midwest,Budget
C00417,Gwendolyn Klein,holmesvictoria@example.com,2024-04-14,West,Regular
C00418,Carrie Wright,evansjeffrey@example.com,2024-04-29,West,Premium
C00419,Jeffrey Mills,ingramsherry@example.com,2024-11-30,East,Premium
C00420,Jake Campbell,clintonstevens@example.org,2025-02-22,Midwest,Regular
C00421,George Harper,josephpreston@example.org,2025-04-15,West,Premium
C00422,Maria Jones,jonathanevans@example.net,2025-04-12,East,Premium
C00423,Michael Mitchell,ncarroll@example.net,2024-01-29,West,Budget
C00424,Mary Escobar,cummingslaura@example.org,2024-07-23,West,Regular
C00425,Felicia Aguilar,spetersen@example.net,2024-01-18,Midwest,Regular
C00426,Gregory Ponce,larsonkevin@example.net,2024-08-27,Midwest,Budget
C00427,Jenna Larson,dmiller@example.com,2024-06-23,West,Premium
C00428,Emily Bennett,nichole66@example.org,2025-10-17,Midwest,Budget
C00429,Robin Santiago,julieatkinson@example.org,2024-05-09,East,Regular
C00430,Nancy Jennings,hbrown@example.org,2024-02-07,Midwest,Budget
C00431,Maria Henderson,amber25@example.net,2024-02-16,East,Regular
C00432,Jack White,ericnunez@example.com,2025-03-06,East,Budget
C00433,Travis Tucker,kmullins@example.net,2024-10-15,East,Budget
C00434,Chad Jones,walkerkeith@example.com,2024-02-01,South,Regular
C00435,Ashley Wise,davidmiller@example.net,2024-01-27,West,Budget
C00436,Sophia Johnson,kelleyjose@example.com,2024-12-28,West,Regular
C00437,Ralph Anderson,iayala@example.org,2024-01-23,West,Regular
C00438,Christopher Guerra,fhansen@example.com,2025-06-01,South,Regular
C00439,Rhonda Martin,annshea@example.net,2025-01-02,West,Regular
C00440,Jason Rhodes,johnadams@example.com,2024-01-26,South,Premium
C00441,Jeremy Mitchell,gail91@example.org,2024-01-27,Midwest,Regular
C00442,Joann Ferguson,whenderson@example.org,2025-12-30,West,Regular
C00443,Robert Harrison,melvin04@example.org,2024-05-20,South,Budget
C00444,Holly Valentine,christina79@example.org,2024-05-18,East,Budget
C00445,Mrs. Diane Reyes,owilliams@example.org,2025-05-17,Midwest,Regular
C00446,Tracy Montoya,eric11@example.net,2025-12-30,West,Regular
C00447,Brenda Wright,sanchezchristine@example.org,2025-12-30,South,Regular
C00448,Shelly Spencer,alexander14@example.com,2025-02-23,South,Premium
C00449,Ryan Rosales,njohnson@example.net,2024-05-21,Midwest,Premium
C00450,Phillip Nelson,jamesmills@example.com,2024-01-27,South,Regular
C00451,Brittany Kim,jdean@example.net,2025-03-26,East,Regular
C00452,Courtney Hayes,bennettrebecca@example.net,2024-09-02,East,Budget
C00453,Alexander Brown,scottbrian@example.org,2024-06-14,Midwest,Regular
C00454,Cynthia Vang,brian01@example.com,2025-12-11,East,Regular
C00455,Alfred Galvan,elizabeth51@example.org,2024-02-05,West,Regular
C00456,Marie Moody,michelle63@example.com,2024-07-22,Midwest,Premium
C00457,Dustin Gallegos,mckeetodd@example.net,2024-01-04,South,Regular
C00458,Brenda Thornton,lopezvincent@example.com,2024-07-08,South,Regular
C00459,Aaron Miller,williamssandra@example.com,2024-01-18,West,Regular
C00460,Ruben Dunn,tracy20@example.com,2024-02-07,South,Regular
C00461,Kelsey Rodriguez,michael43@example.net,2024-02-07,East,Budget
C00462,Eric Williams,lisa46@example.org,2024-11-10,South,Budget
C00463,Riley Bryant,jeremiah56@example.net,2025-02-15,West,Regular
C00464,Taylor Carlson,christopherreyes@example.net,2024-09-19,South,Regular
C00465,Jose Allen,robertberry@example.com,2025-12-30,Midwest,Regular
C00466,Jeffrey Mendez,renee57@example.net,2024-05-20,West,Regular
C00467,Jason Beck,jamietaylor@example.net,2024-04-10,Midwest,Regular
C00468,William Jones,michelleparker@example.net,2025-08-31,East,Premium
C00469,Katie Mcneil,russellstout@example.org,2024-03-16,Midwest,Regular
C00470,Jeanette Harrison,lonniegrant@example.net,2025-12-30,South,Regular
C00471,Veronica King,whitemary@example.org,2024-01-04,East,Regular
C00472,Richard Cooper,cannonnicole@example.com,2025-12-30,South,Budget
C00473,Lori Ingram,vturner@example.net,2024-01-14,Midwest,Budget
C00474,Evelyn Williams,edwin31@example.org,2025-10-27,East,Regular
C00475,Robin Thompson,anthonyodom@example.net,2024-08-13,West,Regular
C00476,Julie Dominguez,catherine93@example.net,2025-12-30,South,Budget
C00477,Robin Brown,jerryjohnson@example.org,2024-01-23,South,Premium
C00478,Judith Carter,manderson@example.com,2024-08-30,South,Budget
C00479,Curtis Williams,jack67@example.com,2025-12-30,South,Premium
C00480,Kaylee Hays,frankperez@example.com,2024-08-10,East,Budget
C00481,Dawn Mullins,schaeferstephanie@example.org,2024-10-24,South,Regular
C00482,Howard Norman,katherinejones@example.com,2024-12-22,West,Budget
C00483,Evelyn Martinez,dwatts@example.org,2024-06-30,East,Budget
C00484,Steve Paul,csullivan@example.net,2024-10-23,West,Premium
C00485,Jasmine Beltran,zcortez@example.net,2024-09-20,West,Regular
C00486,Jonathan Glass MD,meyershannon@example.org,2025-11-25,East,Budget
C00487,Monica Miller,aprilfoster@example.net,2024-01-14,East,Regular
C00488,Samantha Gardner,grantzachary@example.net,2024-04-08,South,Budget
C00489,Bobby Guerrero,leescott@example.com,2025-12-30,East,Regular
C00490,Lance Simmons,steven64@example.net,2025-10-24,East,Regular
C00491,Heather Williams,vaughnrebecca@example.com,2024-07-01,West,Regular
C00492,Heather Bolton,gdavis@example.org,2024-10-17,East,Regular
C00493,William Gould,kimberlypace@example.net,2024-04-07,West,Budget
C00494,Mark Cox,phillipmorris@example.org,2024-03-03,West,Regular
C00495,Meghan Cisneros,shawnmosley@example.org,2024-07-05,East,Regular
C00496,Lawrence Harrington,udavis@example.net,2024-05-10,South,Regular
C00497,Austin Osborne,jennifermartinez@example.org,2024-09-19,East,Regular
C00498,James Bradley,fwalters@example.net,2024-01-25,East,Budget
C00499,Meghan Rush,gacosta@example.net,2025-12-30,East,Budget
C00500,Phillip Berry,nicholasjames@example.org,2025-12-30,Midwest,Regular
C00501,Jennifer Banks,ariana22@example.org,2024-12-25,East,Budget
C00502,Brian Fitzgerald,kaylawilliams@example.com,2024-08-18,East,Budget
C00503,Mr. Justin Green III,jessica74@example.net,2024-04-21,West,Regular
C00504,Zachary Mitchell,davidanderson@example.org,2025-05-19,West,Budget
C00505,Katherine Martinez,deanjohnny@example.com,2024-12-12,East,Regular
C00506,Jodi Roach,ifoley@example.org,2024-02-23,East,Premium
C00507,Brandon Fleming,lyoung@example.net,2025-12-26,East,Budget
C00508,Emma Reed,cchavez@example.org,2025-06-02,East,Regular
C00509,Joshua Vance,sanchezamy@example.net,2025-12-30,East,Budget
C00510,Michelle Ho,brandonhernandez@example.net,2025-01-23,South,Budget
C00511,Rebecca Hicks,benjamin09@example.net,2024-10-12,South,Premium
C00512,Curtis Taylor,mark10@example.org,2024-06-11,South,Budget
C00513,Allison Spencer,kchaney@example.net,2025-12-30,Midwest,Regular
C00514,Robert Arnold,cheryl99@example.net,2025-08-26,West,Regular
C00515,Angelica Parker,tammycurry@example.com,2024-01-14,West,Regular
C00516,Dr. Kelly Hammond DVM,daviskevin@example.com,2024-01-09,West,Budget
C00517,William Day,wwilkins@example.com,2024-05-21,East,Premium
C00518,Michael Cooper,carterdennis@example.net,2025-05-14,Midwest,Regular
C00519,Penny Bowman,mark68@example.org,2025-12-30,West,Regular
C00520,Vincent Reynolds,cherylrodriguez@example.net,2024-02-18,Midwest,Regular
C00521,Amy Martinez,webbhaley@example.net,2024-09-27,West,Regular
C00522,Christopher Morris,ronald54@example.net,2024-05-23,Midwest,Premium
C00523,Hannah Everett,sara99@example.com,2025-12-30,East,Regular
C00524,Sarah King,lvasquez@example.net,2025-07-07,West,Regular
C00525,Krista Martinez,jeanettekrause@example.org,2025-06-30,East,Budget
C00526,Joseph Shaw,johnsoncolleen@example.org,2024-07-08,West,Regular
C00527,Todd Moore,laurenduarte@example.com,2024-06-09,West,Regular
C00528,Michelle Jacobs,cookann@example.net,2024-04-05,West,Budget
C00529,Kristy Bryan,alexharris@example.com,2024-01-18,South,Premium
C00530,Angel May,kristy44@example.net,2025-08-23,East,Budget
C00531,Marilyn Wang,katie15@example.com,2025-05-17,West,Regular
C00532,Mark Jimenez,nramsey@example.org,2025-12-30,East,Budget
C00533,Donna Frye,jamesbass@example.net,2025-12-30,South,Regular
C00534,Dr. Michael Evans,zhendricks@example.org,2024-08-31,West,Premium
C00535,Anthony Gonzales,timothyburton@example.net,2025-03-15,East,Regular
C00536,Mr. Lawrence Edwards,steven60@example.net,2025-12-30,West,Budget
C00537,Morgan Valencia,annette58@example.net,2025-07-22,West,Regular
C00538,Bianca Wood,clarkgina@example.com,2024-03-26,South,Premium
C00539,Emma Owens,montesjuan@example.org,2024-06-28,West,Budget
C00540,David Davis,tonya82@example.net,2024-02-11,East,Budget
C00541,James Gilbert,hlopez@example.com,2025-12-30,South,Regular
C00542,Sean Moore,jennifer46@example.org,2024-10-06,West,Budget
C00543,Kenneth Edwards,xwiley@example.com,2024-03-18,East,Budget
C00544,Kathleen Robertson,javier42@example.org,2024-11-30,West,Regular
C00545,Mr. Alexander Landry MD,kristen31@example.com,2024-10-15,Midwest,Premium
C00546,Cindy Gomez,lloydrebecca@example.org,2024-05-13,East,Regular
C00547,Johnny Khan,matthewwebb@example.net,2024-02-06,South,Premium
C00548,Julie Herrera,kimberly21@example.net,2024-11-30,East,Regular
C00549,Jessica Khan,jamiejohnson@example.com,2024-08-08,West,Regular
C00550,Pamela Diaz,smithsarah@example.net,2025-03-19,East,Premium
C00551,Kelly Lee,cookpamela@example.org,2024-08-08,Midwest,Regular
C00552,Angel Gordon,andrew43@example.com,2025-07-27,East,Premium
C00553,Diana Hays,jameshill@example.com,2024-08-28,South,Budget
C00554,Barbara Hester,rlambert@example.org,2024-09-03,Midwest,Budget
C00555,Robert Morgan,joshuasmith@example.net,2025-09-19,West,Premium
C00556,Nicole Gonzalez,clarkmichael@example.com,2024-06-03,West,Budget
C00557,Kathryn Williams,donald49@example.org,2024-02-13,East,Regular
C00558,Gary Wells,charlesaustin@example.com,2024-01-09,East,Regular
C00559,Larry Robertson,bwilliams@example.com,2025-02-26,South,Premium
C00560,Louis Martin,rodriguezbrian@example.com,2024-10-17,Midwest,Regular
C00561,Nancy Evans MD,mwhite@example.net,2024-12-31,East,Budget
C00562,Kim Erickson,tjensen@example.com,2024-03-12,West,Regular
C00563,Robert Richardson,jenniferlambert@example.net,2024-02-13,South,Premium
C00564,Veronica Silva,beltrankatelyn@example.com,2024-01-05,West,Premium
C00565,Molly Watts,christopherlang@example.net,2024-05-09,South,Regular
C00566,John Coffey,tdavis@example.net,2024-09-24,East,Regular
C00567,Paula Lane,oruiz@example.org,2024-05-29,South,Regular
C00568,Lauren Jackson,roberta62@example.net,2024-06-21,West,Regular
C00569,Lisa Randall,kristina57@example.com,2025-12-04,East,Budget
C00570,Michael Johnson,jonesdaniel@example.com,2024-05-08,East,Budget
C00571,Ashley Smith,ssingleton@example.com,2024-08-04,East,Regular
C00572,Christian Vaughn,williamsullivan@example.net,2025-04-04,West,Budget
C00573,Reginald Knapp,nguyendebra@example.com,2024-05-31,South,Regular
C00574,Nancy Brown,amorales@example.org,2024-10-18,Midwest,Regular
C00575,Daniel Nguyen,amydickson@example.com,2025-08-17,West,Regular
C00576,Kelly Edwards,petersonlisa@example.net,2025-12-30,West,Regular
C00577,Thomas Peterson,bmueller@example.net,2024-02-17,West,Budget
C00578,Raymond Le,amy32@example.net,2025-12-30,East,Regular
C00579,Melissa Bishop,stevensonjennifer@example.com,2024-07-22,East,Regular
C00580,David Grant,vargassteven@example.net,2024-03-30,East,Regular
C00581,William Evans,shortgregory@example.com,2024-07-03,West,Premium
C00582,Daniel Bush,georgegina@example.net,2025-12-30,East,Budget
C00583,Gregory Peck,pmurphy@example.net,2024-07-22,East,Regular
C00584,Denise Martinez,davislisa@example.net,2024-04-29,East,Regular
C00585,Jamie Baird,shermandonna@example.com,2024-10-28,Midwest,Regular
C00586,Tina Ballard,peter97@example.org,2024-03-23,West,Regular
C00587,Dwayne Klein,erinstewart@example.net,2024-01-24,South,Premium
C00588,Jeremy Scott,samantha65@example.org,2024-02-11,East,Regular
C00589,Dale Ryan,carrwilliam@example.org,2024-02-11,East,Regular
C00590,Melissa Taylor,bryan80@example.org,2024-02-19,South,Regular
C00591,Laurie Sanchez,daniel40@example.org,2024-02-14,South,Budget
C00592,Kiara Little,zpark@example.net,2024-11-03,Midwest,Budget
C00593,Jason Love,jennifer66@example.com,2024-03-01,West,Regular
C00594,Randy Smith,elainewells@example.org,2024-05-07,West,Regular
C00595,Tanya Russell,xbridges@example.com,2025-11-12,South,Premium
C00596,Sherry Woods,keithsalas@example.org,2024-07-11,East,Budget
C00597,Victor Morris,alexanderwong@example.org,2024-11-26,West,Regular
C00598,Susan Davis,ibarrett@example.org,2024-02-26,West,Regular
C00599,Kimberly Sharp,dawnperry@example.com,2024-03-05,West,Regular
C00600,Susan Thompson,dhanson@example.net,2024-01-13,Midwest,Premium
C00601,Casey Gillespie,carnold@example.com,2024-02-25,West,Regular
C00602,Jennifer Simpson DVM,jeremiah69@example.org,2024-04-07,West,Premium
C00603,Tammy Mcdowell,pbradford@example.net,2024-02-28,West,Regular
C00604,Keith Rodriguez,robert89@example.com,2024-01-28,East,Regular
C00605,Mrs. Virginia Daniels,goodashley@example.net,2024-02-08,West,Premium
C00606,Todd Rosales MD,daniel71@example.org,2024-07-04,East,Regular
C00607,Brian Martin,steven18@example.net,2024-03-10,West,Premium
C00608,David Lopez,sanchezcrystal@example.net,2024-05-15,South,Regular
C00609,Rachel Bradley,suttonamber@example.net,2024-07-29,West,Regular
C00610,Casey Chase,chloe58@example.org,2024-12-17,East,Premium
C00611,Samantha Robertson,egibson@example.net,2024-01-13,Midwest,Budget
C00612,Michael Lopez,robert44@example.org,2025-04-26,South,Premium
C00613,Franklin Wright,nealcarla@example.com,2024-10-23,East,Regular
C00614,David Molina,bryan79@example.org,2024-01-26,West,Regular
C00615,Elizabeth Sharp,douglaskelly@example.net,2025-09-12,West,Regular
C00616,Matthew Schwartz,mitchellchristopher@example.net,2025-12-30,South,Premium
C00617,Bryan Parker,yorkjoshua@example.org,2024-01-19,Midwest,Regular
C00618,Jonathan Jacobson,joshua40@example.net,2024-04-07,South,Regular
C00619,Emily Wilson,munozrenee@example.net,2025-05-07,East,Budget
C00620,Elizabeth Mendez,donnawood@example.org,2025-02-17,South,Regular
C00621,Casey Hernandez,kimberly37@example.org,2024-03-02,East,Budget
C00622,Lisa Perry,cooperchristopher@example.org,2024-03-11,West,Budget
C00623,Kaitlin Medina,marymullins@example.com,2024-05-18,East,Regular
C00624,Colleen Wright,cyoung@example.net,2024-07-17,Midwest,Budget
C00625,Shelley Miller,jasonnavarro@example.com,2024-10-15,West,Regular
C00626,Michael Miller,maykarla@example.org,2024-05-18,South,Budget
C00627,Amy Kelley,jacksonraymond@example.com,2024-07-05,West,Premium
C00628,Laura Hernandez,wreese@example.net,2025-02-16,East,Regular
C00629,Joseph Wilson,noahthornton@example.com,2024-01-12,West,Regular
C00630,Kevin Davis,dustin60@example.com,2024-03-28,East,Regular
C00631,Rhonda Chavez,ureyes@example.net,2025-01-09,South,Regular
C00632,Joyce Brown,davisamanda@example.com,2025-11-07,West,Regular
C00633,Robert Cummings,pbishop@example.com,2024-08-03,South,Premium
C00634,Robert Reese,joseph14@example.net,2024-08-15,South,Premium
C00635,Amber Cooper,rmurray@example.net,2024-02-04,Midwest,Regular
C00636,Zachary Michael,jessicachapman@example.org,2024-06-26,West,Regular
C00637,Timothy Johnson,erica25@example.net,2024-08-16,East,Budget
C00638,Randy Cannon,chambersmarie@example.org,2024-03-24,West,Budget
C00639,Maria Fisher,gdavis@example.net,2024-04-04,Midwest,Budget
C00640,Janet Kane DVM,ubell@example.com,2024-05-22,Midwest,Regular
C00641,Michael Stanley,james09@example.org,2024-01-07,East,Regular
C00642,Martha Bailey,maysdiane@example.org,2024-04-26,South,Premium
C00643,Joshua Rice,ericksondavid@example.net,2024-03-12,East,Budget
C00644,Courtney Smith,nicholasgallagher@example.net,2024-04-29,East,Regular
C00645,Edwin Nunez,pauladominguez@example.com,2024-02-08,West,Premium
C00646,Kim Morrow,steven17@example.com,2025-10-25,South,Regular
C00647,Gregory Hill,qschwartz@example.com,2024-09-27,West,Budget
C00648,Molly Rodriguez,fernando14@example.org,2024-12-06,South,Regular
C00649,Jennifer Miranda,dprice@example.com,2025-04-12,South,Regular
C00650,Alexis Harris,gregory17@example.org,2024-07-26,South,Regular
C00651,Andrew Harper,fwhite@example.org,2024-01-28,West,Regular
C00652,Amber Yang,amberreynolds@example.net,2024-08-19,West,Regular
C00653,David Robinson,gainesjennifer@example.org,2024-09-22,West,Regular
C00654,Amy Gordon,jonesashley@example.com,2025-02-14,East,Premium
C00655,Robert Dennis,fsmith@example.org,2024-06-18,West,Budget
C00656,Kyle Chambers,fitzpatrickelizabeth@example.com,2024-02-10,Midwest,Regular
C00657,Eric Thomas,isabelconway@example.net,2024-04-10,East,Budget
C00658,Connie Turner,robertsonshelby@example.com,2024-05-15,West,Budget
C00659,Travis Hobbs,ugraham@example.org,2024-11-07,East,Regular
C00660,Lori Simmons,aaronfinley@example.com,2024-09-10,East,Regular
C00661,William David DDS,bradleysavannah@example.com,2024-05-12,East,Regular
C00662,Emma Butler,evelyn60@example.net,2025-12-30,East,Budget
C00663,James Webster,diazmelissa@example.com,2024-10-06,Midwest,Regular
C00664,Samuel Turner,randallkathleen@example.com,2024-03-22,East,Regular
C00665,Renee Melendez,gregorywilliams@example.com,2024-02-02,Midwest,Regular
C00666,Tracy Grant,kentprice@example.org,2024-02-19,Midwest,Regular
C00667,David Harris,tom73@example.org,2024-03-25,West,Premium
C00668,Tammy Boone,leejennifer@example.net,2024-02-22,Midwest,Regular
C00669,Nathaniel Lee,tracybrown@example.net,2024-03-02,West,Regular
C00670,Michael Morrison,victor70@example.org,2024-04-10,South,Regular
C00671,Chelsea Gill,brian06@example.org,2024-02-27,East,Regular
C00672,Kristin Mendoza,lindsaycontreras@example.com,2025-11-12,Midwest,Regular
C00673,Felicia Krueger,joycehall@example.org,2024-01-26,Midwest,Regular
C00674,Timothy Hayden,mosstracy@example.org,2024-08-11,South,Premium
C00675,Zachary Mendoza,nmeadows@example.org,2024-06-07,South,Budget
C00676,Larry Harris,jacquelineanderson@example.org,2025-12-30,West,Regular
C00677,Kristen Rowe,conwaylori@example.org,2024-02-05,West,Regular
C00678,Joseph Howard,lcarr@example.org,2024-06-01,East,Premium
C00679,Jose Crawford,wilsonbrooke@example.net,2025-12-30,West,Premium
C00680,William Harrison,bryanharris@example.com,2025-08-24,South,Regular
C00681,Suzanne Wood,rnguyen@example.net,2025-05-24,West,Regular
C00682,Justin Walker,marcoconnell@example.org,2024-03-30,Midwest,Budget
C00683,Dean Donovan,watkinsmatthew@example.org,2024-02-26,East,Premium
C00684,Jennifer Hernandez,donald62@example.net,2024-11-27,South,Regular
C00685,James Whitaker,angela73@example.net,2025-12-30,West,Regular
C00686,Mr. Michael Scott PhD,andersonkylie@example.net,2024-09-01,Midwest,Premium
C00687,Maria Henry,bstrickland@example.com,2024-09-11,Midwest,Premium
C00688,Robert Jackson,smithharry@example.org,2024-04-08,East,Regular
C00689,Katherine Stark,robert72@example.org,2025-03-16,East,Regular
C00690,Maria Brown,daniellemills@example.com,2024-03-03,South,Regular
C00691,Ryan Landry,sharonbishop@example.org,2024-04-27,West,Regular
C00692,Pamela Gutierrez,jennifersalazar@example.org,2024-06-15,East,Regular
C00693,Crystal Mann,michael08@example.org,2024-07-31,East,Premium
C00694,Jonathan Brooks,davidmoreno@example.org,2024-03-24,West,Regular
C00695,Mary Jensen,michelle88@example.org,2024-02-06,East,Budget
C00696,Mr. Aaron Arnold,qtownsend@example.org,2024-10-09,West,Regular
C00697,Joseph Hill,brian12@example.net,2024-04-12,West,Regular
C00698,Alicia Li,kjimenez@example.net,2024-09-18,West,Regular
C00699,Renee Browning,brownmichael@example.org,2024-02-20,Midwest,Budget
C00700,Brent Hernandez,nking@example.com,2024-07-15,East,Budget
C00701,Joseph Ochoa,garciabrian@example.net,2024-08-16,Midwest,Regular
C00702,James Watson,ericjohnson@example.net,2024-01-16,East,Budget
C00703,Karl Branch,jonesjoe@example.com,2024-05-03,West,Premium
C00704,Michael Abbott,robert53@example.org,2024-02-13,East,Premium
C00705,Shannon Malone,jeremy36@example.org,2024-01-20,East,Budget
C00706,James Tran,evance@example.com,2025-12-30,West,Budget
C00707,Adam Jackson,bbrown@example.org,2024-04-26,East,Premium
C00708,Mr. Richard Knight PhD,sarahgibson@example.com,2025-05-13,West,Regular
C00709,Joseph Williams,derek35@example.com,2024-03-29,East,Premium
C00710,Sean Clay,matthewjohnson@example.net,2024-12-09,South,Regular
C00711,Anthony Jones,ramirezdaniel@example.com,2025-03-04,West,Budget
C00712,Stephanie Elliott,wbarnes@example.com,2024-09-28,West,Regular
C00713,Timothy Edwards,oliviamunoz@example.net,2024-07-10,South,Regular
C00714,Laurie Goodwin,belindatran@example.org,2024-06-08,East,Regular
C00715,Jennifer Jones,jenkinsaimee@example.org,2024-05-08,West,Premium
C00716,David Davenport,rhood@example.org,2025-12-30,Midwest,Regular
C00717,Steven Rivera,pfitzgerald@example.org,2025-06-16,West,Regular
C00718,Brenda Hinton,ryan39@example.org,2025-12-30,South,Budget
C00719,Kathryn Mccann,butlerbradley@example.com,2024-02-09,Midwest,Budget
C00720,Jeffrey Roberson,simmonsphillip@example.net,2025-01-28,West,Premium
C00721,Randy Friedman,chavezjohn@example.net,2025-12-30,West,Budget
C00722,Raymond Johnson,steelerichard@example.org,2024-02-29,West,Budget
C00723,Willie Henry,michaelallen@example.org,2024-01-21,West,Budget
C00724,Todd Reynolds,castillokevin@example.net,2025-02-09,West,Regular
C00725,Mary Miller,vhodge@example.net,2024-09-13,South,Regular
C00726,Rebecca Marquez,braysteven@example.org,2025-07-07,West,Regular
C00727,Christian Dawson,xlopez@example.net,2024-02-15,East,Premium
C00728,Nancy Stewart,apadilla@example.net,2025-04-20,Midwest,Regular
C00729,Aaron Parker,cruzhannah@example.net,2024-03-08,South,Regular
C00730,Derrick Anderson,phillipskaren@example.net,2024-02-23,East,Regular
C00731,Jerry Peters,kristinmiller@example.com,2024-02-23,West,Regular
C00732,Alexander Gomez,robertsonrenee@example.com,2025-05-20,East,Regular
C00733,Kyle Nguyen,rodriguezmichael@example.net,2024-11-24,East,Premium
C00734,Edgar Hughes,diazgregory@example.net,2024-08-10,East,Budget
C00735,Steven Stein,castrokim@example.org,2024-05-13,West,Budget
C00736,Laura Jackson,john17@example.net,2025-09-21,Midwest,Budget
C00737,Charles Turner,karenhodges@example.com,2024-05-29,East,Budget
C00738,Arthur Hamilton MD,rachael86@example.com,2025-05-23,West,Regular
C00739,Mr. David Wright,brownmichael@example.com,2024-06-22,East,Budget
C00740,Linda Gonzalez,harrisonamanda@example.net,2024-05-21,East,Premium
C00741,Eric Rush,shannon51@example.org,2024-07-05,South,Regular
C00742,Manuel Brock,zmiller@example.org,2024-04-17,South,Regular
C00743,George Ochoa,susan11@example.org,2025-02-17,South,Premium
C00744,Valerie Taylor,daniel27@example.org,2024-07-28,West,Premium
C00745,Travis Harris,abigailburton@example.com,2024-03-20,East,Regular
C00746,Vincent Novak,imontes@example.org,2025-11-20,East,Budget
C00747,Michael Henry,creed@example.net,2024-05-25,West,Regular
C00748,Dana Bennett,carterbryan@example.org,2024-08-23,West,Premium
C00749,Jenna Wilson,robert55@example.com,2025-12-11,South,Budget
C00750,Leslie Gardner,kellis@example.org,2024-10-20,West,Regular
C00751,Krista Benton,george43@example.com,2024-02-07,East,Regular
C00752,Michael Gonzales,tara02@example.com,2025-12-30,West,Regular
C00753,Michael Fuentes,stephen29@example.org,2024-10-23,West,Regular
C00754,Jennifer Porter,ian22@example.org,2024-05-02,West,Regular
C00755,Dana Hopkins,darylchaney@example.net,2024-02-14,Midwest,Budget
C00756,Rachel Jones,scottwood@example.org,2025-04-19,South,Regular
C00757,Karen Morales DDS,wadetiffany@example.org,2024-10-17,Midwest,Regular
C00758,Melissa Stephens,shane28@example.com,2024-08-16,East,Budget
C00759,Heather Woodard,knapprichard@example.com,2025-11-03,West,Regular
C00760,Margaret Miller,staciereilly@example.org,2025-04-11,East,Premium
C00761,Mary Kelly,cordovaamy@example.net,2024-02-19,East,Premium
C00762,Amanda Terrell,deborah47@example.com,2024-04-22,South,Premium
C00763,Jennifer Goodwin,laurenchandler@example.com,2024-03-26,West,Regular
C00764,Jessica Smith,hannah70@example.org,2025-02-12,East,Regular
C00765,Jorge Stone,parkerrichard@example.org,2024-01-11,West,Premium
C00766,Laura Griffin,uhoward@example.org,2024-09-10,West,Budget
C00767,Raymond Chapman,brandywalker@example.com,2025-03-07,South,Regular
C00768,Haley Johnson,andrewryan@example.com,2025-09-20,East,Regular
C00769,Jason Nixon,daughertypreston@example.com,2024-05-05,East,Regular
C00770,Todd Thomas,carrie80@example.net,2025-05-31,East,Regular
C00771,Jesse Clark,raymond65@example.com,2024-02-05,East,Premium
C00772,Mr. Jeffrey Horton,alexander55@example.com,2025-07-16,South,Regular
C00773,Eric Patrick,fsawyer@example.org,2024-02-10,Midwest,Budget
C00774,Samuel Wong,afigueroa@example.com,2024-05-31,Midwest,Regular
C00775,Carly Riggs,frank66@example.org,2025-04-23,South,Regular
C00776,Christopher Moore,thomaskevin@example.net,2024-02-18,West,Regular
C00777,Tina Hall,carl96@example.org,2024-03-19,South,Premium
C00778,Cody Davidson,ortizrobin@example.com,2025-01-19,East,Premium
C00779,Allen Mendez,angelapage@example.org,2025-01-16,West,Regular
C00780,Kevin Price,jacobjames@example.net,2024-11-03,South,Regular
C00781,Christine Goodwin,twilliams@example.net,2024-12-21,West,Premium
C00782,Amy Garcia,troy73@example.org,2024-08-22,Midwest,Budget
C00783,Chelsea Nguyen,moorekevin@example.net,2024-03-28,East,Budget
C00784,Dennis Huffman,qmartinez@example.com,2024-05-07,East,Budget
C00785,Margaret Harper,swhite@example.net,2024-03-01,South,Budget
C00786,Laurie Bailey,anthonyhubbard@example.com,2025-12-18,Midwest,Regular
C00787,Lisa Cervantes,georgemichael@example.com,2024-09-19,East,Budget
C00788,Elizabeth Mendez,ooneill@example.net,2024-06-02,East,Premium
C00789,Cesar Wilson,hmccann@example.com,2024-07-04,West,Budget
C00790,Clayton Steele,brucefrancisco@example.org,2025-12-30,East,Budget
C00791,Jennifer Taylor,luisjohns@example.org,2024-02-19,West,Regular
C00792,Cody Reid,frank45@example.com,2024-09-21,South,Budget
C00793,Maria Cooke,brandon48@example.net,2024-07-30,East,Regular
C00794,Katherine Taylor,palmerkatie@example.org,2024-10-10,South,Regular
C00795,Jerry Brown,georgegary@example.com,2024-01-06,West,Regular
C00796,Adam Taylor,margaret44@example.net,2025-09-09,West,Regular
C00797,Tracey Wagner,cody95@example.org,2025-12-30,South,Premium
C00798,Michael Perry PhD,taylorjuan@example.com,2024-09-06,West,Regular
C00799,Bradley Johnson DDS,kpeterson@example.org,2024-12-23,West,Budget
C00800,Donald Medina,ericwalker@example.org,2025-12-30,West,Premium
C00801,Jim Newton,butlersabrina@example.org,2025-01-03,Midwest,Budget
C00802,Krista Wilson,sandramendoza@example.com,2024-02-19,South,Budget
C00803,Reginald Morrow,don79@example.net,2024-09-14,East,Budget
C00804,Rodney Williams,gerald40@example.net,2024-10-06,West,Budget
C00805,Kimberly Fritz,walkermelissa@example.org,2024-06-14,West,Regular
C00806,Ronald Potter,kyleclark@example.org,2025-02-04,South,Budget
C00807,Zachary Cole,yvazquez@example.org,2025-12-30,South,Budget
C00808,Robert Gonzales,smithtodd@example.com,2025-12-30,West,Premium
C00809,Patricia Young PhD,gonzalezantonio@example.net,2024-06-28,West,Regular
C00810,Heather Page,harrisonrebekah@example.org,2024-02-06,West,Regular
C00811,Carol Taylor,turneralex@example.org,2025-12-30,South,Regular
C00812,Daniel Brown,morajamie@example.org,2025-07-01,South,Regular
C00813,Douglas Ryan,ellenjohnson@example.org,2024-02-09,West,Regular
C00814,Michael Roberts,stacy55@example.org,2025-12-30,West,Premium
C00815,Scott Duke,williamjones@example.net,2025-09-03,West,Regular
C00816,Anna Estes,ricejennifer@example.com,2024-08-07,Midwest,Budget
C00817,Tamara Riddle,rachelmedina@example.net,2024-09-25,West,Regular
C00818,Beth Cline,glasssamantha@example.net,2024-06-01,South,Premium
C00819,Michael Poole,lrichardson@example.org,2024-01-17,East,Premium
C00820,Megan Burns,gnunez@example.org,2024-05-02,East,Regular
C00821,Debra Perry,tina63@example.net,2025-05-02,West,Budget
C00822,Mark Beard,rickjuarez@example.com,2024-01-02,West,Regular
C00823,Jose Ramirez,owensapril@example.com,2024-05-01,East,Regular
C00824,Jackie Clements,janet80@example.org,2024-06-01,South,Regular
C00825,Aaron Schroeder,tristan64@example.com,2024-08-19,East,Regular
C00826,Monica Ellis,gloria73@example.net,2025-12-30,East,Budget
C00827,Heather Brown,broberts@example.org,2024-05-07,West,Regular
C00828,Claudia Jordan,jacobsonleah@example.net,2024-05-07,Midwest,Premium
C00829,Derrick Clayton,harry71@example.com,2025-02-05,South,Regular
C00830,Kenneth Knight,rmills@example.org,2024-06-29,West,Premium
C00831,Mr. Michael Williams,thomasrichard@example.net,2024-03-17,Midwest,Regular
C00832,Richard Stevens,figueroapatricia@example.org,2024-06-29,East,Regular
C00833,Scott Alexander,coxjames@example.org,2024-02-15,East,Premium
C00834,Tyler Harris,bmartinez@example.net,2024-02-28,South,Regular
C00835,Bonnie Santos,tramirez@example.net,2024-07-25,South,Regular
C00836,Timothy Hill,katelyn65@example.com,2024-06-11,South,Budget
C00837,Danielle Watson,garcher@example.com,2025-12-30,West,Budget
C00838,Carol Sanders,katrinarodriguez@example.com,2024-05-15,West,Premium
C00839,Michael Young,ocrawford@example.org,2024-09-17,Midwest,Budget
C00840,Michele Smith,garciabrian@example.org,2024-10-27,West,Regular
C00841,Casey Perez,lgregory@example.com,2024-01-04,East,Regular
C00842,Alexandra Dominguez,eric99@example.org,2024-11-22,East,Budget
C00843,Virginia Henderson,guerreroapril@example.com,2024-02-28,East,Budget
C00844,Benjamin Reyes,qharris@example.com,2025-12-30,East,Budget
C00845,Ashley Edwards,iwagner@example.com,2024-02-18,Midwest,Regular
C00846,Breanna Ayala,cisnerosanthony@example.com,2024-06-09,West,Regular
C00847,Brandi Haney,reyesleonard@example.com,2024-01-27,West,Budget
C00848,Joseph Smith,cstevens@example.org,2025-12-30,West,Regular
C00849,Jessica Bowen,nicole27@example.com,2024-07-28,Midwest,Regular
C00850,Brittany Jenkins,larryprice@example.org,2024-09-28,East,Regular
C00851,Shannon Miller,rkeller@example.net,2024-01-21,West,Regular
C00852,Paul Lawrence,kalvarez@example.net,2025-02-19,South,Regular
C00853,Victor Edwards,myerstroy@example.com,2024-03-11,Midwest,Premium
C00854,Donald Miller,katie45@example.org,2025-11-15,South,Budget
C00855,Lindsay Lawson,garzadavid@example.com,2024-03-09,Midwest,Premium
C00856,Melissa Abbott,lisa90@example.net,2024-03-04,West,Regular
C00857,Elizabeth Holmes,oscar65@example.com,2024-01-12,South,Regular
C00858,Nicole Phillips,qbell@example.org,2024-07-10,East,Premium
C00859,Steven Blevins,jimmycollins@example.org,2024-09-06,South,Premium
C00860,Brian Porter MD,meltondanny@example.org,2024-01-21,South,Premium
C00861,Vanessa Hatfield,ryanbenjamin@example.net,2025-03-24,South,Budget
C00862,Bonnie Valencia,abradley@example.com,2024-06-30,South,Regular
C00863,Holly Vega,dominguezbrianna@example.com,2024-08-10,West,Budget
C00864,Tiffany Townsend,uhudson@example.net,2024-06-23,East,Regular
C00865,Austin Baker,stokescraig@example.net,2024-06-02,Midwest,Regular
C00866,Antonio Mccormick,matthewshaw@example.net,2024-09-03,Midwest,Regular
C00867,Lori Mason,garrett45@example.com,2024-02-20,West,Regular
C00868,Michael Miller,tylerboone@example.org,2024-03-01,West,Budget
C00869,Lisa Ramirez,karlwilliams@example.net,2025-08-16,West,Regular
C00870,Jorge Harris,nballard@example.net,2025-12-30,South,Regular
C00871,Kimberly Myers,robbinsbelinda@example.net,2024-05-20,South,Budget
C00872,Sandra Becker,joshua98@example.com,2024-04-04,West,Budget
C00873,Michael Blair,yclark@example.org,2024-11-05,East,Budget
C00874,Amy Miller,william46@example.net,2024-06-06,South,Regular
C00875,Jesse Lynch,james64@example.net,2024-01-08,South,Budget
C00876,Patrick Yang,jpowers@example.org,2024-02-20,East,Regular
C00877,Michael Miles,burtonzachary@example.org,2025-01-12,East,Regular
C00878,Troy Mills,vlewis@example.com,2024-11-18,East,Regular
C00879,Michelle Jackson,sharon89@example.com,2024-01-09,West,Regular
C00880,Richard Adams,boydmichael@example.org,2024-03-16,East,Premium
C00881,Patricia Johnson,edwardjennings@example.com,2024-03-19,South,Regular
C00882,Denise Brown,ejenkins@example.net,2024-11-30,Midwest,Budget
C00883,Laura Jones,meghanadams@example.com,2024-01-06,East,Regular
C00884,Ian Porter,jonathanburke@example.com,2024-02-02,South,Premium
C00885,Holly Scott,daniellee@example.org,2025-04-27,West,Premium
C00886,Kenneth Sharp,steven86@example.com,2024-02-29,East,Budget
C00887,Jordan Williams,harrisjoseph@example.org,2024-11-13,West,Regular
C00888,Dana Ruiz,kristine48@example.org,2024-03-22,West,Regular
C00889,Chris Velazquez,stuarttodd@example.org,2024-02-01,South,Budget
C00890,Kristen Sloan,heathchristopher@example.net,2024-03-24,Midwest,Budget
C00891,Jennifer Morris,michelle65@example.net,2025-01-19,West,Regular
C00892,Nathan Nelson,sandersmary@example.org,2025-08-03,East,Regular
C00893,Jake Shaw,danielnavarro@example.org,2025-06-15,South,Budget
C00894,Cassie Brock,tyler13@example.net,2024-05-31,West,Regular
C00895,Dr. Andrea Marshall,mejialawrence@example.net,2024-11-26,East,Premium
C00896,Ryan Murphy,vshaffer@example.org,2024-03-09,South,Budget
C00897,Aimee Gonzalez,grobinson@example.org,2024-04-14,East,Regular
C00898,Elizabeth Dean,taragonzales@example.com,2025-11-10,West,Regular
C00899,Kevin Snyder,henrynicholas@example.org,2024-01-04,East,Regular
C00900,Christie Mccullough,amy73@example.com,2024-01-27,South,Premium
C00901,Danielle Smith,michaelbaldwin@example.com,2024-03-10,East,Premium
C00902,David Reed,brewerrebecca@example.org,2024-01-09,West,Budget
C00903,Sherry Tapia,vazquezkristina@example.org,2024-03-01,South,Premium
C00904,Matthew Sweeney,angela45@example.net,2024-09-19,West,Regular
C00905,Ashley Moreno,nicholsjoel@example.com,2024-06-13,South,Regular
C00906,Johnathan Brown,zsmith@example.com,2025-10-31,West,Premium
C00907,Michelle Davis DVM,christopher34@example.org,2025-05-25,Midwest,Budget
C00908,Kelly Haynes,ruthwelch@example.net,2024-05-05,East,Regular
C00909,William Miller,rmccormick@example.org,2024-03-31,West,Regular
C00910,Casey Wilkins,aruiz@example.com,2024-05-23,West,Regular
C00911,Keith Graham,gmcdowell@example.org,2024-09-24,West,Regular
C00912,Cynthia Green,william56@example.net,2024-04-03,Midwest,Premium
C00913,Robert Haynes,shawn00@example.net,2024-10-20,Midwest,Regular
C00914,Emily Nelson,crystalgibbs@example.org,2024-06-06,East,Budget
C00915,Dale Chan,moralescourtney@example.com,2024-08-28,East,Regular
C00916,Brittney Martin,rodriguezjohn@example.net,2024-06-20,South,Regular
C00917,Jason Herrera,melaniejennings@example.com,2024-04-14,Midwest,Regular
C00918,Christine Parker,vmendoza@example.org,2025-12-30,East,Budget
C00919,Bryan Moore,glenn95@example.com,2025-03-08,East,Regular
C00920,Samantha Terry,christopherrichardson@example.com,2024-02-15,East,Regular
C00921,Russell Murphy,kduffy@example.org,2025-08-31,South,Regular
C00922,David Kelly,vaughansandra@example.net,2024-07-19,West,Regular
C00923,Megan Green,rebeccamccann@example.org,2025-11-05,East,Budget
C00924,Amanda Sullivan MD,jacqueline20@example.com,2025-04-27,East,Premium
C00925,Danielle Murray,jburke@example.org,2024-06-15,South,Regular
C00926,Brenda Smith,george91@example.org,2024-01-07,West,Budget
C00927,Vickie Anderson,dayala@example.net,2024-04-03,East,Budget
C00928,Jacqueline Mccoy,twilson@example.org,2024-08-22,East,Budget
C00929,Lauren Green,sophiali@example.com,2024-10-28,East,Budget
C00930,Alison Brown,julie62@example.com,2024-03-30,West,Regular
C00931,Jill Anderson,carolcarney@example.com,2024-02-15,East,Regular
C00932,Sandra Rivera,robertortiz@example.org,2025-06-24,East,Regular
C00933,Joel Jackson,robertsjose@example.net,2025-12-30,East,Premium
C00934,Samantha Foster,xsolomon@example.net,2024-08-11,East,Regular
C00935,Michael Thompson,emiller@example.org,2024-02-26,South,Regular
C00936,Cody Ramirez,terri63@example.net,2024-04-05,South,Premium
C00937,Amanda Harvey,verickson@example.net,2024-01-06,West,Budget
C00938,Edward Jenkins,charles80@example.org,2025-12-30,South,Regular
C00939,Amy Ramirez,sarah75@example.net,2024-02-07,East,Budget
C00940,Curtis Wilkerson,smithwilliam@example.com,2024-09-14,West,Premium
C00941,Lydia Pham,tiffany52@example.net,2024-04-06,West,Regular
C00942,Virginia Casey,carpenterjorge@example.net,2024-08-30,West,Regular
C00943,Joshua Washington,dconrad@example.org,2024-11-12,South,Regular
C00944,Kathryn Price,stewartalyssa@example.org,2025-06-15,South,Regular
C00945,Francis Robinson,darryl02@example.com,2024-03-10,South,Budget
C00946,Paula Brown,julie64@example.com,2024-01-04,East,Premium
C00947,Kendra Wang DVM,zachary62@example.com,2024-02-14,East,Regular
C00948,Ariel Sandoval,jgallagher@example.net,2025-11-21,West,Regular
C00949,Robert Stark,jbrown@example.org,2025-09-13,West,Regular
C00950,Zachary Robinson,isaacharrison@example.org,2024-09-29,East,Budget
C00951,Rebecca Kelly,fgraham@example.org,2024-10-02,West,Budget
C00952,Sarah Thompson,tkelly@example.net,2024-11-24,West,Regular
C00953,Renee Wolfe,hellis@example.net,2024-02-27,East,Regular
C00954,Alyssa Haynes,daviddavis@example.com,2025-12-30,South,Regular
C00955,Kristy Hart,marybrady@example.com,2024-06-11,Midwest,Budget
C00956,William Keith,brandybonilla@example.net,2024-05-24,Midwest,Regular
C00957,Eric Henry Jr.,robertjones@example.com,2024-08-07,East,Regular
C00958,Daniel Fox,clayanthony@example.net,2024-01-15,East,Budget
C00959,Thomas Harris,longbrittany@example.org,2024-02-24,East,Regular
C00960,Mitchell Sellers,eric17@example.net,2025-02-05,South,Budget
C00961,Erica Johnson,rgibson@example.net,2024-01-26,West,Premium
C00962,Sylvia Schroeder,riverabradley@example.net,2024-10-04,East,Regular
C00963,Shannon Yu,unguyen@example.net,2024-03-25,South,Regular
C00964,Tom Foster,jasonwilliams@example.net,2024-05-27,East,Budget
C00965,Eric Taylor,marcus01@example.net,2024-04-12,East,Budget
C00966,Travis Conner,qdavis@example.org,2024-05-11,East,Regular
C00967,Marie Thompson,tammyglenn@example.org,2025-01-15,West,Regular
C00968,Melissa Mcfarland,phelpsfrank@example.com,2024-04-15,East,Regular
C00969,Courtney Chapman,deborah21@example.com,2024-09-07,West,Budget
C00970,Eric Barker,vowen@example.com,2024-07-12,West,Regular
C00971,Nicholas Rush,michaeldavis@example.com,2024-11-22,West,Regular
C00972,Jenna Gamble,tracymcclure@example.com,2025-12-30,South,Premium
C00973,Amanda Guzman,anna61@example.com,2025-01-30,West,Budget
C00974,Tracy Walker,christina66@example.org,2024-03-13,East,Regular
C00975,Taylor Taylor,palmerteresa@example.net,2024-01-10,West,Regular
C00976,Cynthia Haas,deborahreeves@example.com,2024-04-01,Midwest,Premium
C00977,Stephen Davis,robertssamuel@example.com,2024-09-28,West,Budget
C00978,Margaret Tanner,edgar24@example.org,2024-01-16,East,Premium
C00979,Derek Wright,dphillips@example.net,2024-07-24,Midwest,Regular
C00980,David Rodriguez,lowerywilliam@example.net,2024-09-29,South,Budget
C00981,James Oconnor,dgutierrez@example.net,2024-05-02,West,Regular
C00982,Stacey Snyder,michael91@example.net,2025-03-18,South,Regular
C00983,Joshua Garcia,wilsondorothy@example.org,2024-02-03,East,Regular
C00984,Sean Curtis,meganwilliams@example.com,2024-01-24,East,Budget
C00985,Carla Jones,lee77@example.net,2025-01-25,West,Regular
C00986,Elizabeth Flores,matthew23@example.org,2024-07-24,West,Budget
C00987,Angela Jackson,burgesscassandra@example.net,2024-12-15,South,Premium
C00988,Nicholas Payne,hamiltonandrew@example.com,2024-06-20,East,Regular
C00989,Anna Wheeler,smithdiana@example.com,2024-03-25,East,Regular
C00990,Karen Johnson,vmelton@example.net,2025-05-27,South,Budget
C00991,Carmen Preston,nturner@example.com,2025-04-26,South,Premium
C00992,Brian Harris,fballard@example.org,2024-12-21,West,Budget
C00993,Michael Bowen,alexanderrodriguez@example.org,2024-04-05,East,Regular
C00994,Deborah Campbell,micheleclark@example.net,2024-09-24,West,Regular
C00995,Anthony Armstrong,debragraham@example.net,2024-05-14,South,Premium
C00996,Brittany Ward,christophercarrillo@example.org,2024-01-29,South,Budget
C00997,Edward Stanley,hhenderson@example.org,2025-12-30,Midwest,Premium
C00998,Christina Johnson,joannewallace@example.com,2024-02-14,West,Regular
C00999,Edgar Miller,csmith@example.net,2025-12-30,West,Regular
C01000,Elizabeth Sanders,jameshudson@example.com,2024-06-26,West,Budget
